Year,DOY,Rain
1996,1,0.1
1996,2,0.6
1996,3,33.8
1996,4,1.9
1996,5,9.6
1996,6,4.3
1996,7,33.7
1996,8,0.3
1996,9,0
1996,10,0.1
1996,11,0.7
1996,12,0
1996,13,0
1996,14,0
1996,15,0
1996,16,0.1
1996,17,0.1
1996,18,0
1996,19,0
1996,20,39.6
1996,21,3.2
1996,22,4.3
1996,23,1.4
1996,24,11.8
1996,25,0.8
1996,26,0
1996,27,0
1996,28,0
1996,29,0
1996,30,0.7
1996,31,0
1996,32,0.3
1996,33,0
1996,34,0.1
1996,35,1.2
1996,36,0.4
1996,37,0
1996,38,1.3
1996,39,0
1996,40,4.4
1996,41,0
1996,42,2.5
1996,43,0
1996,44,0.1
1996,45,0
1996,46,0
1996,47,0.3
1996,48,0
1996,49,0
1996,50,0
1996,51,0
1996,52,3.3
1996,53,0
1996,54,0
1996,55,0.1
1996,56,3.5
1996,57,0
1996,58,0
1996,59,1
1996,60,17.3
1996,61,0
1996,62,0
1996,63,0.2
1996,64,3.3
1996,65,8.5
1996,66,0
1996,67,0
1996,68,1.3
1996,69,0.5
1996,70,17.8
1996,71,6.2
1996,72,1.8
1996,73,0.2
1996,74,0
1996,75,0.6
1996,76,0
1996,77,0
1996,78,0
1996,79,0
1996,80,0
1996,81,0
1996,82,0
1996,83,0
1996,84,0
1996,85,0
1996,86,0
1996,87,0
1996,88,0
1996,89,0
1996,90,0
1996,91,0
1996,92,0
1996,93,0
1996,94,0
1996,95,0
1996,96,0
1996,97,0
1996,98,0
1996,99,0.3
1996,100,0
1996,101,0.2
1996,102,3.4
1996,103,23.3
1996,104,0
1996,105,0
1996,106,0
1996,107,0
1996,108,0
1996,109,0
1996,110,0
1996,111,0
1996,112,0
1996,113,0
1996,114,0
1996,115,0
1996,116,0
1996,117,0
1996,118,0
1996,119,0
1996,120,0
1996,121,0
1996,122,3.8
1996,123,12.5
1996,124,10.7
1996,125,17.6
1996,126,15.9
1996,127,25.4
1996,128,0
1996,129,0.2
1996,130,0
1996,131,0
1996,132,0
1996,133,0
1996,134,0
1996,135,0.2
1996,136,0
1996,137,0
1996,138,0.4
1996,139,0
1996,140,3
1996,141,0.3
1996,142,0
1996,143,0.1
1996,144,0
1996,145,0
1996,146,0
1996,147,0
1996,148,0.2
1996,149,0.1
1996,150,0.1
1996,151,0
1996,152,0
1996,153,0.1
1996,154,0
1996,155,3.7
1996,156,0.1
1996,157,0.1
1996,158,0.2
1996,159,0.1
1996,160,0.1
1996,161,0
1996,162,0
1996,163,0.7
1996,164,0.1
1996,165,3.7
1996,166,0.8
1996,167,0.7
1996,168,1.2
1996,169,6.8
1996,170,0.6
1996,171,0.1
1996,172,0.1
1996,173,0.1
1996,174,0.1
1996,175,2.9
1996,176,1.2
1996,177,0
1996,178,0.6
1996,179,0.2
1996,180,0
1996,181,0
1996,182,0
1996,183,0
1996,184,0
1996,185,0
1996,186,0.1
1996,187,0
1996,188,6.1
1996,189,0
1996,190,0
1996,191,0
1996,192,0.1
1996,193,0
1996,194,0
1996,195,0
1996,196,0
1996,197,0
1996,198,0
1996,199,0
1996,200,0
1996,201,0
1996,202,0.4
1996,203,0
1996,204,0.4
1996,205,0
1996,206,0
1996,207,0
1996,208,0.1
1996,209,0.3
1996,210,18.2
1996,211,24.5
1996,212,0.9
1996,213,0.1
1996,214,0
1996,215,0
1996,216,0
1996,217,0
1996,218,0
1996,219,0
1996,220,0
1996,221,0
1996,222,0
1996,223,0
1996,224,0
1996,225,0
1996,226,0
1996,227,0
1996,228,0
1996,229,0
1996,230,0
1996,231,0
1996,232,0.2
1996,233,1
1996,234,0
1996,235,0
1996,236,1.1
1996,237,0
1996,238,0
1996,239,0
1996,240,1.3
1996,241,0.1
1996,242,0
1996,243,10.1
1996,244,56.3
1996,245,1.5
1996,246,0
1996,247,0
1996,248,0
1996,249,0
1996,250,0
1996,251,0
1996,252,0
1996,253,0
1996,254,0
1996,255,0
1996,256,0.6
1996,257,0.1
1996,258,0
1996,259,0
1996,260,0
1996,261,0
1996,262,0
1996,263,1.1
1996,264,2
1996,265,4.7
1996,266,0
1996,267,0
1996,268,0
1996,269,0
1996,270,0
1996,271,0
1996,272,0
1996,273,43.7
1996,274,16.7
1996,275,0.5
1996,276,0
1996,277,0
1996,278,0
1996,279,0
1996,280,0
1996,281,3.9
1996,282,0
1996,283,0
1996,284,0
1996,285,0
1996,286,0
1996,287,0
1996,288,0
1996,289,0
1996,290,0
1996,291,2.1
1996,292,4.4
1996,293,3.1
1996,294,1.7
1996,295,2.5
1996,296,0
1996,297,0
1996,298,0
1996,299,0
1996,300,0
1996,301,3.1
1996,302,0.9
1996,303,0
1996,304,0
1996,305,0.3
1996,306,0
1996,307,0
1996,308,0
1996,309,0.4
1996,310,37.2
1996,311,3.5
1996,312,0.1
1996,313,2
1996,314,0
1996,315,0
1996,316,0
1996,317,0
1996,318,0
1996,319,0
1996,320,0
1996,321,0
1996,322,0.2
1996,323,5.8
1996,324,11.8
1996,325,0
1996,326,0.1
1996,327,5.5
1996,328,22.7
1996,329,1.1
1996,330,0
1996,331,0.1
1996,332,0
1996,333,0
1996,334,0.4
1996,335,0
1996,336,0
1996,337,0
1996,338,0
1996,339,0
1996,340,0.4
1996,341,0.9
1996,342,7.7
1996,343,7.1
1996,344,0
1996,345,0
1996,346,0
1996,347,6.1
1996,348,0
1996,349,0
1996,350,0
1996,351,0
1996,352,5.7
1996,353,7.3
1996,354,0
1996,355,0
1996,356,0
1996,357,0
1996,358,0
1996,359,0
1996,360,2.4
1996,361,0
1996,362,0.6
1996,363,0
1996,364,6.7
1996,365,1.8
1996,366,0.1
1997,1,0.4
1997,2,0
1997,3,0
1997,4,0
1997,5,2.2
1997,6,0
1997,7,0.4
1997,8,1.7
1997,9,0
1997,10,0
1997,11,9.9
1997,12,0
1997,13,0
1997,14,0
1997,15,8.4
1997,16,0.4
1997,17,3
1997,18,0
1997,19,0
1997,20,0
1997,21,2.1
1997,22,0
1997,23,0
1997,24,0.4
1997,25,2.1
1997,26,2.3
1997,27,10.5
1997,28,2.3
1997,29,25.2
1997,30,47.1
1997,31,8.8
1997,32,0
1997,33,0
1997,34,0.1
1997,35,0.2
1997,36,0
1997,37,0
1997,38,0
1997,39,0
1997,40,0
1997,41,0.3
1997,42,29.9
1997,43,112.9
1997,44,14.6
1997,45,0.8
1997,46,2.6
1997,47,0
1997,48,2
1997,49,0.2
1997,50,0.1
1997,51,0
1997,52,0
1997,53,0
1997,54,0
1997,55,5.5
1997,56,7.7
1997,57,2.8
1997,58,0.5
1997,59,1.4
1997,60,0
1997,61,0
1997,62,3.3
1997,63,2.4
1997,64,0.5
1997,65,4.4
1997,66,3.3
1997,67,0
1997,68,0.4
1997,69,0.3
1997,70,0.1
1997,71,0
1997,72,0
1997,73,0
1997,74,0
1997,75,0
1997,76,0.8
1997,77,0
1997,78,0
1997,79,0
1997,80,0
1997,81,0
1997,82,0
1997,83,1
1997,84,0
1997,85,0
1997,86,0
1997,87,0
1997,88,0
1997,89,0.3
1997,90,0.6
1997,91,1.4
1997,92,0
1997,93,0
1997,94,0
1997,95,0
1997,96,0
1997,97,0
1997,98,0
1997,99,0
1997,100,0
1997,101,0.1
1997,102,0
1997,103,0
1997,104,0
1997,105,0.1
1997,106,0
1997,107,0
1997,108,0
1997,109,0
1997,110,0
1997,111,0
1997,112,0
1997,113,0.8
1997,114,0
1997,115,0.2
1997,116,0.1
1997,117,0
1997,118,0.1
1997,119,0
1997,120,0.1
1997,121,0
1997,122,0
1997,123,0
1997,124,0.4
1997,125,0.2
1997,126,0.1
1997,127,0
1997,128,4.4
1997,129,0.1
1997,130,0
1997,131,1.9
1997,132,0
1997,133,0
1997,134,0.1
1997,135,0
1997,136,0
1997,137,20.5
1997,138,3.2
1997,139,27.3
1997,140,0.1
1997,141,0.7
1997,142,0.1
1997,143,0.6
1997,144,2.4
1997,145,0
1997,146,0.2
1997,147,0.9
1997,148,0.1
1997,149,0.2
1997,150,0
1997,151,0
1997,152,0
1997,153,0
1997,154,0
1997,155,0
1997,156,1.6
1997,157,0.1
1997,158,1.6
1997,159,0
1997,160,0
1997,161,0
1997,162,0
1997,163,0.1
1997,164,0
1997,165,0
1997,166,0
1997,167,0
1997,168,0
1997,169,0
1997,170,0.1
1997,171,0
1997,172,0
1997,173,0.1
1997,174,0.1
1997,175,0
1997,176,0
1997,177,2.4
1997,178,19
1997,179,0.1
1997,180,1.2
1997,181,11.2
1997,182,0.1
1997,183,0.5
1997,184,0.3
1997,185,0
1997,186,0.1
1997,187,0.7
1997,188,0
1997,189,0.1
1997,190,0
1997,191,0
1997,192,0
1997,193,0
1997,194,0
1997,195,28.4
1997,196,1.6
1997,197,0
1997,198,0
1997,199,0
1997,200,0
1997,201,0
1997,202,0.2
1997,203,0
1997,204,0
1997,205,0.1
1997,206,0.1
1997,207,0
1997,208,0.8
1997,209,0
1997,210,0
1997,211,0
1997,212,0
1997,213,0
1997,214,0
1997,215,0
1997,216,0
1997,217,0.2
1997,218,0.5
1997,219,0.3
1997,220,0
1997,221,0
1997,222,0
1997,223,0
1997,224,0
1997,225,0
1997,226,0
1997,227,0
1997,228,0
1997,229,0
1997,230,0
1997,231,0
1997,232,0
1997,233,0.3
1997,234,0
1997,235,0
1997,236,0
1997,237,0
1997,238,0
1997,239,0
1997,240,0
1997,241,0
1997,242,0
1997,243,0
1997,244,3.3
1997,245,10.8
1997,246,2.8
1997,247,0
1997,248,0.8
1997,249,0
1997,250,0
1997,251,0
1997,252,0
1997,253,0
1997,254,0
1997,255,0
1997,256,0
1997,257,0
1997,258,0
1997,259,0
1997,260,0.5
1997,261,0
1997,262,1.9
1997,263,7.2
1997,264,7.7
1997,265,9.8
1997,266,0.8
1997,267,6.3
1997,268,20
1997,269,0.1
1997,270,0.3
1997,271,0
1997,272,1.6
1997,273,0
1997,274,0
1997,275,0
1997,276,3.7
1997,277,0
1997,278,0
1997,279,0
1997,280,13.8
1997,281,43
1997,282,0
1997,283,0
1997,284,0
1997,285,0
1997,286,0
1997,287,0
1997,288,0
1997,289,0
1997,290,0
1997,291,0
1997,292,0
1997,293,0
1997,294,0
1997,295,0
1997,296,0
1997,297,0
1997,298,0
1997,299,0
1997,300,0.4
1997,301,0
1997,302,0
1997,303,1.7
1997,304,0
1997,305,0.1
1997,306,0
1997,307,0
1997,308,0
1997,309,2.3
1997,310,0
1997,311,0
1997,312,0.3
1997,313,0.2
1997,314,0
1997,315,7.7
1997,316,0
1997,317,0
1997,318,0.1
1997,319,5
1997,320,0.2
1997,321,0
1997,322,0
1997,323,0
1997,324,0
1997,325,2.1
1997,326,0
1997,327,0
1997,328,0
1997,329,0
1997,330,0
1997,331,0
1997,332,0
1997,333,0.3
1997,334,0.2
1997,335,2.2
1997,336,0
1997,337,0
1997,338,0
1997,339,0
1997,340,0
1997,341,0.1
1997,342,2.3
1997,343,0.3
1997,344,6.1
1997,345,1
1997,346,0
1997,347,0
1997,348,0
1997,349,0.1
1997,350,0
1997,351,0
1997,352,0
1997,353,1.7
1997,354,5.4
1997,355,0
1997,356,0
1997,357,0
1997,358,0
1997,359,1
1997,360,0
1997,361,0.5
1997,362,0.2
1997,363,0
1997,364,0
1997,365,0
1998,1,0
1998,2,0.1
1998,3,0
1998,4,18.2
1998,5,0.2
1998,6,21.4
1998,7,0.1
1998,8,0.1
1998,9,2.4
1998,10,5.2
1998,11,9.7
1998,12,0
1998,13,0
1998,14,0
1998,15,1.3
1998,16,2.4
1998,17,0
1998,18,0
1998,19,7.5
1998,20,5.1
1998,21,11.3
1998,22,0
1998,23,0
1998,24,0
1998,25,15
1998,26,7
1998,27,0
1998,28,0
1998,29,0
1998,30,0
1998,31,0
1998,32,0
1998,33,0
1998,34,0
1998,35,0
1998,36,11.5
1998,37,1.3
1998,38,6.8
1998,39,1.3
1998,40,15.7
1998,41,0.1
1998,42,1.1
1998,43,0
1998,44,0
1998,45,0
1998,46,0
1998,47,6.8
1998,48,0
1998,49,0
1998,50,0
1998,51,0
1998,52,0
1998,53,0
1998,54,0
1998,55,0
1998,56,0
1998,57,0
1998,58,0
1998,59,11.6
1998,60,5.2
1998,61,0.2
1998,62,0
1998,63,0
1998,64,0.1
1998,65,0.5
1998,66,0
1998,67,0
1998,68,0
1998,69,0
1998,70,0
1998,71,0
1998,72,0
1998,73,0
1998,74,15.9
1998,75,2.8
1998,76,0.2
1998,77,0.1
1998,78,0
1998,79,0.1
1998,80,0
1998,81,0
1998,82,0
1998,83,0
1998,84,1.8
1998,85,0.4
1998,86,1.4
1998,87,0.2
1998,88,0
1998,89,0.3
1998,90,0
1998,91,0
1998,92,0.1
1998,93,0
1998,94,0
1998,95,0
1998,96,0
1998,97,0
1998,98,0.1
1998,99,0.9
1998,100,22.4
1998,101,8.2
1998,102,0.7
1998,103,0.6
1998,104,0
1998,105,0.3
1998,106,5.5
1998,107,0.6
1998,108,0.2
1998,109,0
1998,110,0.1
1998,111,3.1
1998,112,9.4
1998,113,24.7
1998,114,8.6
1998,115,0
1998,116,0
1998,117,0
1998,118,0
1998,119,0
1998,120,0
1998,121,0
1998,122,3.7
1998,123,34.4
1998,124,2.4
1998,125,20.2
1998,126,14.5
1998,127,0
1998,128,0
1998,129,0
1998,130,0
1998,131,0
1998,132,0.9
1998,133,0.1
1998,134,0.4
1998,135,0.8
1998,136,7.3
1998,137,7.8
1998,138,4.3
1998,139,66
1998,140,1.3
1998,141,0.2
1998,142,0.1
1998,143,0
1998,144,0
1998,145,0
1998,146,0
1998,147,0
1998,148,0.2
1998,149,0.1
1998,150,0
1998,151,0
1998,152,0.2
1998,153,2.9
1998,154,10.3
1998,155,21.3
1998,156,2.1
1998,157,0
1998,158,0.5
1998,159,0.2
1998,160,0
1998,161,0
1998,162,0
1998,163,0.1
1998,164,0
1998,165,0
1998,166,0
1998,167,0
1998,168,0
1998,169,0
1998,170,0
1998,171,0
1998,172,0.1
1998,173,1.3
1998,174,32.2
1998,175,0
1998,176,0
1998,177,0
1998,178,0
1998,179,0
1998,180,0.1
1998,181,0.1
1998,182,1.8
1998,183,0.1
1998,184,0.1
1998,185,0.1
1998,186,0
1998,187,0.1
1998,188,0
1998,189,0.4
1998,190,0
1998,191,0
1998,192,0.3
1998,193,0
1998,194,0.1
1998,195,0.4
1998,196,0
1998,197,0.1
1998,198,0
1998,199,6.2
1998,200,16
1998,201,0.1
1998,202,14.6
1998,203,0.1
1998,204,0
1998,205,1.2
1998,206,4.1
1998,207,12
1998,208,2.8
1998,209,3.2
1998,210,0.2
1998,211,0
1998,212,0
1998,213,0
1998,214,0
1998,215,0.1
1998,216,0.1
1998,217,4.7
1998,218,14.6
1998,219,25.5
1998,220,50
1998,221,0.2
1998,222,0.1
1998,223,0.1
1998,224,0.1
1998,225,0.1
1998,226,0.2
1998,227,0.1
1998,228,21.6
1998,229,23.9
1998,230,2.7
1998,231,1.3
1998,232,4.3
1998,233,2.6
1998,234,0.4
1998,235,3.8
1998,236,0.1
1998,237,0.1
1998,238,0.4
1998,239,1.7
1998,240,1.7
1998,241,0
1998,242,0
1998,243,0.1
1998,244,0.1
1998,245,0.1
1998,246,0
1998,247,0
1998,248,2.8
1998,249,12.9
1998,250,1.5
1998,251,1.1
1998,252,0.1
1998,253,0
1998,254,0
1998,255,6.1
1998,256,8.3
1998,257,0
1998,258,0
1998,259,0.1
1998,260,0
1998,261,0
1998,262,0
1998,263,2.8
1998,264,0.8
1998,265,0.1
1998,266,0.1
1998,267,2
1998,268,3.6
1998,269,1.6
1998,270,0
1998,271,0.1
1998,272,0
1998,273,0
1998,274,0
1998,275,0
1998,276,0
1998,277,0
1998,278,0
1998,279,0
1998,280,1.5
1998,281,0
1998,282,0
1998,283,6.6
1998,284,1.6
1998,285,0.1
1998,286,0
1998,287,0
1998,288,0
1998,289,2
1998,290,0
1998,291,0
1998,292,1.3
1998,293,2.4
1998,294,0
1998,295,1.3
1998,296,0
1998,297,0
1998,298,0
1998,299,0
1998,300,7
1998,301,0.4
1998,302,0
1998,303,0
1998,304,0.1
1998,305,3.1
1998,306,0
1998,307,0
1998,308,0
1998,309,0
1998,310,0
1998,311,2.2
1998,312,19.2
1998,313,5.4
1998,314,0.1
1998,315,0
1998,316,1.6
1998,317,11.2
1998,318,0
1998,319,1.2
1998,320,0.1
1998,321,0.1
1998,322,8.3
1998,323,2.1
1998,324,0
1998,325,0
1998,326,0
1998,327,0.1
1998,328,13.7
1998,329,0.2
1998,330,5.5
1998,331,0.5
1998,332,0
1998,333,0
1998,334,0
1998,335,0
1998,336,0.2
1998,337,0
1998,338,0
1998,339,0.1
1998,340,0
1998,341,0.1
1998,342,10
1998,343,0
1998,344,0.1
1998,345,0
1998,346,0
1998,347,0
1998,348,2
1998,349,1.7
1998,350,4
1998,351,1.1
1998,352,0.1
1998,353,2.2
1998,354,0
1998,355,2
1998,356,0
1998,357,0
1998,358,0
1998,359,0
1998,360,0
1998,361,0
1998,362,0
1998,363,0
1998,364,0
1998,365,0.1
1999,1,3.6
1999,2,12.2
1999,3,0
1999,4,0
1999,5,0
1999,6,0
1999,7,0
1999,8,0
1999,9,1.2
1999,10,0
1999,11,0
1999,12,0
1999,13,0.1
1999,14,0.3
1999,15,0.9
1999,16,0
1999,17,0
1999,18,0
1999,19,0
1999,20,9.7
1999,21,3.9
1999,22,27.8
1999,23,33.9
1999,24,19.9
1999,25,2.7
1999,26,0
1999,27,0.2
1999,28,1.7
1999,29,0.3
1999,30,19.1
1999,31,0.5
1999,32,5.7
1999,33,24.7
1999,34,4.3
1999,35,4.3
1999,36,2
1999,37,0
1999,38,0
1999,39,0.1
1999,40,24.7
1999,41,9.1
1999,42,0.5
1999,43,0.3
1999,44,1.3
1999,45,0
1999,46,0
1999,47,0
1999,48,0
1999,49,0.1
1999,50,0
1999,51,0
1999,52,0
1999,53,0.9
1999,54,2
1999,55,0
1999,56,68.5
1999,57,2.3
1999,58,2.5
1999,59,0
1999,60,7.2
1999,61,10.2
1999,62,0.5
1999,63,0
1999,64,0
1999,65,0
1999,66,0.3
1999,67,6.2
1999,68,0.2
1999,69,0.2
1999,70,0
1999,71,0.3
1999,72,0
1999,73,3.4
1999,74,0.1
1999,75,0.2
1999,76,0
1999,77,0
1999,78,0.1
1999,79,2.2
1999,80,2.4
1999,81,0
1999,82,0.8
1999,83,0
1999,84,0
1999,85,0
1999,86,0
1999,87,0
1999,88,0
1999,89,0
1999,90,0
1999,91,0.6
1999,92,21.5
1999,93,19.5
1999,94,12.9
1999,95,14.2
1999,96,23.3
1999,97,0.1
1999,98,0
1999,99,0
1999,100,3.8
1999,101,6.8
1999,102,0.2
1999,103,0.1
1999,104,0.1
1999,105,3.6
1999,106,0.2
1999,107,0
1999,108,0
1999,109,0
1999,110,0
1999,111,0
1999,112,2.3
1999,113,0
1999,114,0.1
1999,115,0
1999,116,0
1999,117,0.1
1999,118,1.8
1999,119,1.3
1999,120,0.5
1999,121,1.1
1999,122,3.8
1999,123,0.2
1999,124,0.1
1999,125,0
1999,126,1.7
1999,127,2.1
1999,128,0
1999,129,0.6
1999,130,1.3
1999,131,0.3
1999,132,0
1999,133,0.1
1999,134,0
1999,135,0
1999,136,0
1999,137,0
1999,138,0.1
1999,139,0.2
1999,140,0.1
1999,141,0
1999,142,0
1999,143,0.9
1999,144,1.7
1999,145,2.3
1999,146,0.1
1999,147,0
1999,148,0.2
1999,149,0
1999,150,0.1
1999,151,0.1
1999,152,0.1
1999,153,0.1
1999,154,0.1
1999,155,0.2
1999,156,0.4
1999,157,0.2
1999,158,6.6
1999,159,0.2
1999,160,1
1999,161,21.7
1999,162,0.1
1999,163,0
1999,164,0
1999,165,0
1999,166,0
1999,167,0
1999,168,0
1999,169,0
1999,170,0
1999,171,0
1999,172,0
1999,173,0
1999,174,3.3
1999,175,1.7
1999,176,0.1
1999,177,0.1
1999,178,2.2
1999,179,2.6
1999,180,0.2
1999,181,0.7
1999,182,7.1
1999,183,13.7
1999,184,0
1999,185,0
1999,186,0.3
1999,187,0.1
1999,188,0.9
1999,189,0.2
1999,190,0.4
1999,191,0
1999,192,0
1999,193,16.5
1999,194,4.5
1999,195,41.4
1999,196,8.2
1999,197,3
1999,198,0.1
1999,199,0
1999,200,0.2
1999,201,0
1999,202,0
1999,203,0
1999,204,0
1999,205,0
1999,206,0
1999,207,0.2
1999,208,0.8
1999,209,0.1
1999,210,0.1
1999,211,0.1
1999,212,0
1999,213,0
1999,214,0
1999,215,0.1
1999,216,0.1
1999,217,0
1999,218,0
1999,219,0.2
1999,220,0
1999,221,0.1
1999,222,0
1999,223,0
1999,224,0
1999,225,3.9
1999,226,0.6
1999,227,6.6
1999,228,0.1
1999,229,0
1999,230,0
1999,231,0
1999,232,0
1999,233,0
1999,234,0.1
1999,235,0.1
1999,236,0.1
1999,237,0.1
1999,238,0.2
1999,239,7.2
1999,240,0.4
1999,241,20.2
1999,242,3
1999,243,0.2
1999,244,0
1999,245,1.7
1999,246,0.1
1999,247,0.1
1999,248,0
1999,249,0.2
1999,250,0
1999,251,0
1999,252,0
1999,253,1.7
1999,254,2.2
1999,255,0
1999,256,0.1
1999,257,0
1999,258,0
1999,259,0
1999,260,11.5
1999,261,0
1999,262,0
1999,263,0
1999,264,0.2
1999,265,2.2
1999,266,0
1999,267,0
1999,268,0.3
1999,269,8.1
1999,270,24.2
1999,271,4
1999,272,0.1
1999,273,0.1
1999,274,0
1999,275,4.1
1999,276,6.1
1999,277,8.1
1999,278,10.1
1999,279,9.3
1999,280,0.2
1999,281,0.1
1999,282,0
1999,283,0
1999,284,1.3
1999,285,0
1999,286,0
1999,287,0
1999,288,0
1999,289,0
1999,290,0
1999,291,0
1999,292,34.3
1999,293,4.9
1999,294,0
1999,295,0.1
1999,296,3.7
1999,297,37.4
1999,298,10.8
1999,299,0
1999,300,0
1999,301,0.1
1999,302,0
1999,303,0
1999,304,28.3
1999,305,14.8
1999,306,0
1999,307,0.5
1999,308,0.2
1999,309,2.4
1999,310,4.3
1999,311,0
1999,312,0.2
1999,313,7
1999,314,0.8
1999,315,2.3
1999,316,0
1999,317,0
1999,318,0
1999,319,0
1999,320,5.1
1999,321,22.3
1999,322,2.6
1999,323,0
1999,324,0
1999,325,0
1999,326,1.8
1999,327,0.1
1999,328,0
1999,329,0
1999,330,0
1999,331,0.5
1999,332,0
1999,333,0.4
1999,334,0.1
1999,335,0
1999,336,0
1999,337,0
1999,338,0
1999,339,0
1999,340,0.2
1999,341,0
1999,342,0
1999,343,0.4
1999,344,11.5
1999,345,0
1999,346,0
1999,347,0
1999,348,0
1999,349,0
1999,350,0
1999,351,0
1999,352,2
1999,353,0
1999,354,5
1999,355,0
1999,356,0
1999,357,0
1999,358,1
1999,359,24.3
1999,360,9.1
1999,361,2
1999,362,22.3
1999,363,14.1
1999,364,0.6
1999,365,9.2
2000,1,0.1
2000,2,0
2000,3,0.8
2000,4,0
2000,5,0
2000,6,0.1
2000,7,0
2000,8,0.1
2000,9,0
2000,10,0.1
2000,11,0.4
2000,12,2.3
2000,13,3.6
2000,14,3.2
2000,15,0.9
2000,16,0
2000,17,1.1
2000,18,2.8
2000,19,0
2000,20,0
2000,21,0
2000,22,0
2000,23,0
2000,24,0
2000,25,0
2000,26,0.1
2000,27,10.3
2000,28,7.2
2000,29,1.4
2000,30,0
2000,31,0
2000,32,0
2000,33,0.3
2000,34,0.1
2000,35,0
2000,36,0
2000,37,0
2000,38,0.8
2000,39,0.1
2000,40,0
2000,41,0
2000,42,0
2000,43,0.2
2000,44,3.9
2000,45,0.2
2000,46,0.2
2000,47,0
2000,48,0
2000,49,0
2000,50,0
2000,51,0
2000,52,0
2000,53,0
2000,54,0.4
2000,55,0
2000,56,0
2000,57,0
2000,58,0
2000,59,0.2
2000,60,0.1
2000,61,1.1
2000,62,0.1
2000,63,0.3
2000,64,0
2000,65,0
2000,66,5.1
2000,67,26.4
2000,68,30.7
2000,69,32.1
2000,70,0.2
2000,71,12.2
2000,72,6.4
2000,73,0
2000,74,2.1
2000,75,3.8
2000,76,0.1
2000,77,0
2000,78,0
2000,79,0.2
2000,80,1.6
2000,81,44
2000,82,25.4
2000,83,12
2000,84,17.7
2000,85,0
2000,86,0
2000,87,0.1
2000,88,0
2000,89,0
2000,90,0
2000,91,0
2000,92,0
2000,93,4.1
2000,94,1.1
2000,95,0.1
2000,96,5.4
2000,97,2.6
2000,98,0
2000,99,0
2000,100,0
2000,101,0.2
2000,102,0.9
2000,103,0.2
2000,104,0.1
2000,105,0.1
2000,106,0.7
2000,107,0
2000,108,12.5
2000,109,0.1
2000,110,0.6
2000,111,0.6
2000,112,0
2000,113,0
2000,114,0
2000,115,0
2000,116,0.5
2000,117,0.3
2000,118,8.2
2000,119,0.1
2000,120,0
2000,121,0.1
2000,122,0.3
2000,123,9.3
2000,124,4
2000,125,0.8
2000,126,3.1
2000,127,12.8
2000,128,0
2000,129,0
2000,130,0.2
2000,131,0.1
2000,132,0.5
2000,133,0.2
2000,134,0.1
2000,135,0.1
2000,136,0.1
2000,137,0
2000,138,0.1
2000,139,0.1
2000,140,0.1
2000,141,0.1
2000,142,0
2000,143,0.4
2000,144,0.1
2000,145,0.2
2000,146,1.2
2000,147,1
2000,148,0
2000,149,0
2000,150,0.2
2000,151,0.1
2000,152,0.1
2000,153,0
2000,154,0
2000,155,0
2000,156,0
2000,157,0.1
2000,158,0.1
2000,159,0.1
2000,160,0
2000,161,0.1
2000,162,0
2000,163,0
2000,164,0.6
2000,165,0.1
2000,166,0.1
2000,167,0.2
2000,168,0
2000,169,0
2000,170,0
2000,171,2.6
2000,172,3.4
2000,173,0.1
2000,174,2
2000,175,0
2000,176,0
2000,177,0
2000,178,0.2
2000,179,0
2000,180,3.1
2000,181,0.4
2000,182,2.3
2000,183,0
2000,184,0
2000,185,0.6
2000,186,1.1
2000,187,2
2000,188,0.2
2000,189,1.1
2000,190,0.3
2000,191,0
2000,192,0.3
2000,193,0
2000,194,0
2000,195,0
2000,196,0
2000,197,0
2000,198,0
2000,199,0
2000,200,0.1
2000,201,0.8
2000,202,0.5
2000,203,0
2000,204,0
2000,205,0
2000,206,0
2000,207,0
2000,208,1.4
2000,209,0
2000,210,3.8
2000,211,0
2000,212,0
2000,213,0
2000,214,0
2000,215,1.3
2000,216,0.1
2000,217,0.1
2000,218,0.1
2000,219,0.2
2000,220,1.7
2000,221,0
2000,222,0.2
2000,223,0
2000,224,0
2000,225,0
2000,226,0
2000,227,4.1
2000,228,0
2000,229,0
2000,230,0
2000,231,0
2000,232,0
2000,233,0
2000,234,0
2000,235,0
2000,236,0.3
2000,237,1.5
2000,238,0.2
2000,239,0
2000,240,0
2000,241,0.4
2000,242,5.8
2000,243,0
2000,244,0
2000,245,0
2000,246,6.2
2000,247,0
2000,248,0.1
2000,249,0
2000,250,0
2000,251,0
2000,252,0.9
2000,253,0
2000,254,0
2000,255,0.1
2000,256,0
2000,257,0
2000,258,0
2000,259,0
2000,260,0
2000,261,0
2000,262,0
2000,263,0
2000,264,0
2000,265,0
2000,266,0
2000,267,0
2000,268,0
2000,269,2
2000,270,0.6
2000,271,12.6
2000,272,3
2000,273,0.1
2000,274,0
2000,275,0
2000,276,0
2000,277,0
2000,278,0
2000,279,0
2000,280,0
2000,281,0
2000,282,0
2000,283,23.6
2000,284,12.4
2000,285,0
2000,286,0
2000,287,0.9
2000,288,14.5
2000,289,0
2000,290,0.1
2000,291,3.5
2000,292,0
2000,293,7.7
2000,294,0
2000,295,2.1
2000,296,0
2000,297,0
2000,298,0.3
2000,299,7.8
2000,300,0.2
2000,301,0
2000,302,0
2000,303,0
2000,304,0
2000,305,0.9
2000,306,0.7
2000,307,0.4
2000,308,0.1
2000,309,0.7
2000,310,0.5
2000,311,7.5
2000,312,3.9
2000,313,1.3
2000,314,0
2000,315,0.1
2000,316,0
2000,317,0
2000,318,9.8
2000,319,5.7
2000,320,42.8
2000,321,19.4
2000,322,17.2
2000,323,3.7
2000,324,13.5
2000,325,0.4
2000,326,1.2
2000,327,1
2000,328,0
2000,329,0.4
2000,330,0.3
2000,331,0
2000,332,0.5
2000,333,0
2000,334,0
2000,335,0.8
2000,336,21.6
2000,337,7
2000,338,0
2000,339,0.1
2000,340,0
2000,341,0
2000,342,4
2000,343,0
2000,344,0
2000,345,0
2000,346,0
2000,347,0
2000,348,2.6
2000,349,16.9
2000,350,0.1
2000,351,0
2000,352,0
2000,353,0
2000,354,28.7
2000,355,0
2000,356,0
2000,357,0
2000,358,0
2000,359,0.7
2000,360,0
2000,361,0
2000,362,0
2000,363,0
2000,364,0
2000,365,0.1
2000,366,0.1
2001,1,0.1
2001,2,0
2001,3,0
2001,4,0
2001,5,0
2001,6,0
2001,7,0
2001,8,0.4
2001,9,0
2001,10,0
2001,11,0
2001,12,0
2001,13,0
2001,14,0
2001,15,0
2001,16,0.2
2001,17,0
2001,18,44.9
2001,19,9.4
2001,20,0
2001,21,0
2001,22,0
2001,23,0
2001,24,0
2001,25,0.1
2001,26,0
2001,27,0
2001,28,20.1
2001,29,1.9
2001,30,0.3
2001,31,48.6
2001,32,71.8
2001,33,1.4
2001,34,4
2001,35,0
2001,36,0.8
2001,37,49.3
2001,38,38.5
2001,39,0.1
2001,40,0
2001,41,0.1
2001,42,5.7
2001,43,0.3
2001,44,0
2001,45,2.3
2001,46,7.5
2001,47,0.9
2001,48,0
2001,49,0
2001,50,0
2001,51,0.1
2001,52,2.5
2001,53,0.2
2001,54,0.1
2001,55,0
2001,56,0
2001,57,0
2001,58,0
2001,59,2.5
2001,60,3
2001,61,5.8
2001,62,9.4
2001,63,0.3
2001,64,0.8
2001,65,6
2001,66,4.7
2001,67,19.5
2001,68,3.8
2001,69,14.7
2001,70,7.2
2001,71,25
2001,72,17.8
2001,73,0.1
2001,74,0
2001,75,0
2001,76,1.8
2001,77,0
2001,78,0
2001,79,0.1
2001,80,0
2001,81,0.1
2001,82,0
2001,83,0
2001,84,0.2
2001,85,2
2001,86,0.1
2001,87,0
2001,88,0
2001,89,0.1
2001,90,0
2001,91,0
2001,92,0.1
2001,93,17.8
2001,94,0.2
2001,95,0.1
2001,96,0
2001,97,0
2001,98,0
2001,99,0
2001,100,22.9
2001,101,0.1
2001,102,0
2001,103,0
2001,104,0
2001,105,0
2001,106,0
2001,107,0
2001,108,0
2001,109,0
2001,110,4.1
2001,111,26.5
2001,112,30.3
2001,113,4.9
2001,114,0.1
2001,115,0
2001,116,0
2001,117,0.1
2001,118,0
2001,119,0
2001,120,0.9
2001,121,0.9
2001,122,0.5
2001,123,0
2001,124,0
2001,125,0
2001,126,8.9
2001,127,1.1
2001,128,4.1
2001,129,2.7
2001,130,0
2001,131,0
2001,132,0
2001,133,0
2001,134,0
2001,135,0
2001,136,0
2001,137,0
2001,138,0.1
2001,139,0.2
2001,140,0.6
2001,141,0.1
2001,142,0
2001,143,0.1
2001,144,0.1
2001,145,0
2001,146,0
2001,147,0
2001,148,0
2001,149,11.1
2001,150,0
2001,151,0.1
2001,152,0
2001,153,0
2001,154,0.1
2001,155,0.1
2001,156,0.2
2001,157,0.2
2001,158,0.2
2001,159,0.1
2001,160,0
2001,161,0
2001,162,0.1
2001,163,0.2
2001,164,0.1
2001,165,0
2001,166,0
2001,167,0
2001,168,0
2001,169,0
2001,170,0
2001,171,0.1
2001,172,0.1
2001,173,0
2001,174,0.1
2001,175,0
2001,176,0
2001,177,0
2001,178,0
2001,179,0.1
2001,180,0.2
2001,181,0
2001,182,0
2001,183,0.1
2001,184,8.3
2001,185,0.1
2001,186,0.1
2001,187,2.9
2001,188,0
2001,189,0
2001,190,0.1
2001,191,0
2001,192,1.2
2001,193,0.6
2001,194,4.5
2001,195,0.8
2001,196,0
2001,197,0.1
2001,198,0
2001,199,0
2001,200,0.1
2001,201,0
2001,202,0
2001,203,0
2001,204,0.2
2001,205,1
2001,206,0.9
2001,207,6.1
2001,208,17.8
2001,209,5.9
2001,210,0
2001,211,0
2001,212,0
2001,213,0.1
2001,214,0.1
2001,215,0
2001,216,0
2001,217,0
2001,218,0
2001,219,0
2001,220,0
2001,221,0
2001,222,0
2001,223,0
2001,224,0
2001,225,0
2001,226,5.5
2001,227,0.2
2001,228,0.1
2001,229,0
2001,230,0
2001,231,0
2001,232,0
2001,233,0
2001,234,0
2001,235,0
2001,236,0
2001,237,0
2001,238,0
2001,239,5.5
2001,240,7.2
2001,241,2.4
2001,242,2.2
2001,243,0
2001,244,0
2001,245,0.1
2001,246,0.1
2001,247,0.1
2001,248,0.2
2001,249,0
2001,250,0
2001,251,0.1
2001,252,0
2001,253,0.2
2001,254,0.1
2001,255,11.7
2001,256,0.2
2001,257,0.1
2001,258,0
2001,259,0
2001,260,0
2001,261,0.5
2001,262,0.1
2001,263,0
2001,264,0.3
2001,265,0
2001,266,0
2001,267,0.1
2001,268,0
2001,269,0
2001,270,0
2001,271,0
2001,272,0
2001,273,0
2001,274,0
2001,275,2.8
2001,276,17.3
2001,277,0.5
2001,278,0.3
2001,279,0
2001,280,0
2001,281,0
2001,282,0.1
2001,283,0
2001,284,3
2001,285,2.1
2001,286,0
2001,287,5.8
2001,288,0.1
2001,289,0
2001,290,0
2001,291,0
2001,292,0
2001,293,0.1
2001,294,0
2001,295,0
2001,296,0
2001,297,0.1
2001,298,0.5
2001,299,0
2001,300,0
2001,301,0
2001,302,0
2001,303,0
2001,304,0
2001,305,0
2001,306,0
2001,307,0
2001,308,0.1
2001,309,0.5
2001,310,0
2001,311,12.2
2001,312,7.1
2001,313,0.9
2001,314,2.7
2001,315,0
2001,316,10.4
2001,317,0
2001,318,0.1
2001,319,0
2001,320,5.9
2001,321,0.1
2001,322,1.7
2001,323,0.7
2001,324,6.4
2001,325,0.1
2001,326,0
2001,327,0
2001,328,2
2001,329,0.1
2001,330,1.3
2001,331,0
2001,332,0.1
2001,333,0
2001,334,0.2
2001,335,0.4
2001,336,0
2001,337,0.6
2001,338,5
2001,339,0
2001,340,0
2001,341,0
2001,342,12.3
2001,343,10.6
2001,344,0.1
2001,345,0
2001,346,0
2001,347,0
2001,348,0
2001,349,0.4
2001,350,0.7
2001,351,1.1
2001,352,0
2001,353,4.4
2001,354,0
2001,355,0
2001,356,3
2001,357,0
2001,358,2.4
2001,359,0
2001,360,0
2001,361,0
2001,362,0
2001,363,0
2001,364,0
2001,365,0
2002,1,0.6
2002,2,0
2002,3,0
2002,4,0
2002,5,0
2002,6,0
2002,7,32.4
2002,8,2.9
2002,9,0
2002,10,0
2002,11,0
2002,12,0
2002,13,0
2002,14,0
2002,15,1
2002,16,19
2002,17,1.4
2002,18,0
2002,19,0
2002,20,0
2002,21,0
2002,22,0.3
2002,23,0
2002,24,0.9
2002,25,11
2002,26,0
2002,27,0
2002,28,0
2002,29,0
2002,30,3.8
2002,31,0
2002,32,7.1
2002,33,23.1
2002,34,0.1
2002,35,24.6
2002,36,106.1
2002,37,25.8
2002,38,11.3
2002,39,2.4
2002,40,0
2002,41,0
2002,42,0
2002,43,0.6
2002,44,2.4
2002,45,1.9
2002,46,0
2002,47,2.7
2002,48,6.8
2002,49,20
2002,50,7.3
2002,51,0
2002,52,1.4
2002,53,0
2002,54,0
2002,55,0
2002,56,0
2002,57,18.8
2002,58,0
2002,59,5.5
2002,60,0.4
2002,61,0
2002,62,0
2002,63,0.2
2002,64,0.7
2002,65,0.1
2002,66,0
2002,67,0
2002,68,2
2002,69,0
2002,70,0.1
2002,71,0
2002,72,5.2
2002,73,0.6
2002,74,0.3
2002,75,0
2002,76,0
2002,77,0
2002,78,0.1
2002,79,0.2
2002,80,0
2002,81,4.5
2002,82,0.1
2002,83,0
2002,84,0
2002,85,0
2002,86,11
2002,87,16.5
2002,88,9.7
2002,89,36.9
2002,90,2.1
2002,91,0
2002,92,0.1
2002,93,0
2002,94,0
2002,95,4.3
2002,96,0
2002,97,0
2002,98,0
2002,99,0
2002,100,0
2002,101,0
2002,102,0
2002,103,0.3
2002,104,0.3
2002,105,1.4
2002,106,0.4
2002,107,0.1
2002,108,6.7
2002,109,0
2002,110,0
2002,111,0
2002,112,0.6
2002,113,0.8
2002,114,0.2
2002,115,0
2002,116,0.1
2002,117,0
2002,118,0
2002,119,0.1
2002,120,0.8
2002,121,0.2
2002,122,0
2002,123,0
2002,124,0
2002,125,0.1
2002,126,0.3
2002,127,0
2002,128,0.1
2002,129,0
2002,130,0.2
2002,131,0
2002,132,0
2002,133,0
2002,134,0.4
2002,135,3.2
2002,136,0.4
2002,137,0.2
2002,138,0
2002,139,0
2002,140,0
2002,141,0
2002,142,0
2002,143,0
2002,144,1.4
2002,145,13.6
2002,146,5.5
2002,147,0
2002,148,0.1
2002,149,10.8
2002,150,0.3
2002,151,0
2002,152,0.6
2002,153,0.4
2002,154,0.5
2002,155,0
2002,156,0.2
2002,157,0.2
2002,158,0.2
2002,159,1.9
2002,160,0
2002,161,0
2002,162,0
2002,163,0
2002,164,0
2002,165,0
2002,166,0
2002,167,0
2002,168,0.6
2002,169,8.2
2002,170,5.3
2002,171,0
2002,172,0
2002,173,0
2002,174,0
2002,175,0.1
2002,176,0.1
2002,177,0
2002,178,0
2002,179,0
2002,180,0
2002,181,0
2002,182,0
2002,183,0
2002,184,0
2002,185,0
2002,186,0
2002,187,0
2002,188,0
2002,189,0
2002,190,0
2002,191,0
2002,192,0
2002,193,0
2002,194,0
2002,195,0
2002,196,0
2002,197,0
2002,198,0
2002,199,0
2002,200,0
2002,201,0
2002,202,0
2002,203,0
2002,204,0
2002,205,0
2002,206,3.1
2002,207,0
2002,208,0
2002,209,0
2002,210,0
2002,211,6.5
2002,212,1.1
2002,213,0.1
2002,214,1
2002,215,0
2002,216,0.3
2002,217,0
2002,218,0.2
2002,219,0
2002,220,0
2002,221,0
2002,222,0
2002,223,0
2002,224,0
2002,225,0
2002,226,0
2002,227,0.1
2002,228,0
2002,229,0
2002,230,0.7
2002,231,0.5
2002,232,0
2002,233,0.1
2002,234,0.1
2002,235,3.3
2002,236,0
2002,237,0
2002,238,1.8
2002,239,0
2002,240,0
2002,241,0.2
2002,242,2.2
2002,243,0.2
2002,244,0
2002,245,0
2002,246,0
2002,247,0.7
2002,248,0
2002,249,0
2002,250,0
2002,251,0
2002,252,0
2002,253,0.3
2002,254,8.8
2002,255,0
2002,256,0
2002,257,0
2002,258,0
2002,259,0
2002,260,0
2002,261,9.4
2002,262,0
2002,263,0
2002,264,0
2002,265,0
2002,266,0
2002,267,0.1
2002,268,0
2002,269,0
2002,270,0
2002,271,0
2002,272,0
2002,273,1.4
2002,274,0
2002,275,0
2002,276,0.2
2002,277,0
2002,278,0
2002,279,0
2002,280,0
2002,281,0
2002,282,0.1
2002,283,0
2002,284,0.6
2002,285,0
2002,286,0
2002,287,0
2002,288,0
2002,289,0.1
2002,290,0
2002,291,0
2002,292,0
2002,293,0
2002,294,0
2002,295,1
2002,296,0
2002,297,0
2002,298,0
2002,299,0.1
2002,300,0.1
2002,301,0.1
2002,302,0
2002,303,0
2002,304,0
2002,305,0
2002,306,0
2002,307,0
2002,308,0
2002,309,0
2002,310,0
2002,311,0
2002,312,0
2002,313,0
2002,314,0
2002,315,0.6
2002,316,0
2002,317,0
2002,318,0.3
2002,319,0.1
2002,320,2
2002,321,0
2002,322,0
2002,323,0
2002,324,0.3
2002,325,1.9
2002,326,1.9
2002,327,0
2002,328,0
2002,329,0
2002,330,0
2002,331,0
2002,332,0.2
2002,333,0.6
2002,334,17.8
2002,335,6.4
2002,336,0
2002,337,0
2002,338,0
2002,339,0
2002,340,0
2002,341,0
2002,342,4.7
2002,343,0
2002,344,2.2
2002,345,29.3
2002,346,0
2002,347,0
2002,348,0
2002,349,0
2002,350,0
2002,351,0
2002,352,1.2
2002,353,0.1
2002,354,0
2002,355,0
2002,356,0
2002,357,0.8
2002,358,0.9
2002,359,0.4
2002,360,2.5
2002,361,12.9
2002,362,0.3
2002,363,0.3
2002,364,10.5
2002,365,0
2003,1,0.2
2003,2,6.3
2003,3,0.1
2003,4,0
2003,5,0.5
2003,6,0
2003,7,0
2003,8,0.4
2003,9,0.6
2003,10,0
2003,11,1.2
2003,12,1
2003,13,0
2003,14,0
2003,15,0
2003,16,0
2003,17,0
2003,18,0
2003,19,0
2003,20,0
2003,21,0.1
2003,22,0.1
2003,23,3.7
2003,24,0
2003,25,0
2003,26,0
2003,27,0
2003,28,0.8
2003,29,0.2
2003,30,0
2003,31,0
2003,32,0
2003,33,0
2003,34,0.4
2003,35,0
2003,36,0
2003,37,0
2003,38,0
2003,39,0
2003,40,0
2003,41,0.1
2003,42,2.3
2003,43,0.3
2003,44,2.2
2003,45,9.3
2003,46,0
2003,47,3.8
2003,48,4.1
2003,49,18.2
2003,50,0
2003,51,0.6
2003,52,10.5
2003,53,32.1
2003,54,10.5
2003,55,9
2003,56,0.8
2003,57,1
2003,58,0
2003,59,0
2003,60,0
2003,61,0
2003,62,0
2003,63,0
2003,64,0.9
2003,65,2.8
2003,66,6.9
2003,67,0.2
2003,68,0
2003,69,0.5
2003,70,6.3
2003,71,46.4
2003,72,3.2
2003,73,0.1
2003,74,0
2003,75,2.2
2003,76,0.7
2003,77,0.1
2003,78,0
2003,79,0
2003,80,0
2003,81,0
2003,82,1
2003,83,0.9
2003,84,0.1
2003,85,0
2003,86,0
2003,87,0
2003,88,0
2003,89,3.5
2003,90,1.6
2003,91,1.7
2003,92,0.1
2003,93,0
2003,94,0.3
2003,95,0
2003,96,0
2003,97,0
2003,98,0
2003,99,0
2003,100,0
2003,101,0
2003,102,0
2003,103,0.1
2003,104,5.9
2003,105,1.5
2003,106,0
2003,107,0.8
2003,108,5.1
2003,109,0.1
2003,110,1.2
2003,111,0.1
2003,112,0
2003,113,0.1
2003,114,0
2003,115,3.3
2003,116,5.7
2003,117,10.4
2003,118,9.6
2003,119,0.1
2003,120,0.1
2003,121,2.1
2003,122,0.7
2003,123,0
2003,124,0
2003,125,1.4
2003,126,1.5
2003,127,0.2
2003,128,0.1
2003,129,0
2003,130,0
2003,131,0
2003,132,0.1
2003,133,13.7
2003,134,11.6
2003,135,17.4
2003,136,23.3
2003,137,3.2
2003,138,0.7
2003,139,3.6
2003,140,0.1
2003,141,0
2003,142,0
2003,143,0
2003,144,0.2
2003,145,5.4
2003,146,14.2
2003,147,0.7
2003,148,0.5
2003,149,0.3
2003,150,0.2
2003,151,0
2003,152,0.1
2003,153,9.9
2003,154,0.3
2003,155,0.1
2003,156,1.2
2003,157,0.1
2003,158,0
2003,159,0
2003,160,0
2003,161,0
2003,162,0.1
2003,163,0.2
2003,164,0.1
2003,165,0
2003,166,0
2003,167,0
2003,168,0
2003,169,0
2003,170,0.1
2003,171,0.2
2003,172,2.3
2003,173,3.1
2003,174,0
2003,175,0
2003,176,0
2003,177,1.6
2003,178,2.4
2003,179,0
2003,180,0.2
2003,181,0.1
2003,182,1.2
2003,183,13.3
2003,184,8.7
2003,185,0.3
2003,186,0
2003,187,0
2003,188,0.1
2003,189,0.1
2003,190,0.3
2003,191,0.1
2003,192,0.1
2003,193,0.1
2003,194,0
2003,195,0.2
2003,196,0.1
2003,197,0.1
2003,198,0
2003,199,0
2003,200,0
2003,201,0
2003,202,0
2003,203,0
2003,204,0
2003,205,0
2003,206,0
2003,207,0
2003,208,0
2003,209,0
2003,210,0
2003,211,0
2003,212,0
2003,213,0
2003,214,0
2003,215,0
2003,216,0
2003,217,0
2003,218,1.8
2003,219,0
2003,220,0.1
2003,221,0.1
2003,222,0
2003,223,0.1
2003,224,0.2
2003,225,0.9
2003,226,0.6
2003,227,0
2003,228,0
2003,229,0
2003,230,0
2003,231,0
2003,232,0
2003,233,0
2003,234,0.8
2003,235,0.2
2003,236,8.2
2003,237,10.9
2003,238,0.1
2003,239,0
2003,240,0
2003,241,0
2003,242,0
2003,243,0
2003,244,0
2003,245,0
2003,246,0
2003,247,0
2003,248,0
2003,249,0
2003,250,0
2003,251,0
2003,252,0
2003,253,0
2003,254,0.1
2003,255,5.7
2003,256,0
2003,257,0
2003,258,0
2003,259,0
2003,260,0
2003,261,0
2003,262,0
2003,263,0
2003,264,0
2003,265,0.4
2003,266,0
2003,267,0
2003,268,0
2003,269,0
2003,270,0
2003,271,0
2003,272,0
2003,273,0
2003,274,0.1
2003,275,5.4
2003,276,7.4
2003,277,0.1
2003,278,5.3
2003,279,22.5
2003,280,2.1
2003,281,0.2
2003,282,0.3
2003,283,0.6
2003,284,0
2003,285,0
2003,286,0.1
2003,287,0.3
2003,288,0
2003,289,0.3
2003,290,2.2
2003,291,0
2003,292,0.2
2003,293,6.9
2003,294,0.4
2003,295,0
2003,296,1.2
2003,297,0
2003,298,0
2003,299,3.7
2003,300,0
2003,301,0.1
2003,302,0.1
2003,303,3.7
2003,304,0
2003,305,2.6
2003,306,0.1
2003,307,1.1
2003,308,0
2003,309,0
2003,310,0
2003,311,0.4
2003,312,0
2003,313,0
2003,314,0
2003,315,0
2003,316,0
2003,317,1.3
2003,318,0.3
2003,319,0
2003,320,0.1
2003,321,7.2
2003,322,0.2
2003,323,0
2003,324,0.2
2003,325,37.9
2003,326,23
2003,327,22
2003,328,19.9
2003,329,2.3
2003,330,5.4
2003,331,5.6
2003,332,0
2003,333,0
2003,334,0
2003,335,0.5
2003,336,8.8
2003,337,1.8
2003,338,12.2
2003,339,4.7
2003,340,16
2003,341,0.9
2003,342,0
2003,343,0
2003,344,0
2003,345,0
2003,346,6.9
2003,347,21.2
2003,348,0
2003,349,0
2003,350,0
2003,351,0
2003,352,0
2003,353,0
2003,354,0
2003,355,0.3
2003,356,3.1
2003,357,0
2003,358,0
2003,359,0
2003,360,0
2003,361,0.1
2003,362,0.3
2003,363,0
2003,364,0
2003,365,0
2004,1,0
2004,2,0
2004,3,0
2004,4,0
2004,5,0.2
2004,6,0.1
2004,7,0
2004,8,0
2004,9,0
2004,10,0
2004,11,0
2004,12,0
2004,13,0
2004,14,7.7
2004,15,3
2004,16,1
2004,17,6.8
2004,18,0
2004,19,0
2004,20,0
2004,21,0
2004,22,12.8
2004,23,6.4
2004,24,5.3
2004,25,7
2004,26,5.8
2004,27,0.1
2004,28,1
2004,29,0.2
2004,30,0
2004,31,0
2004,32,0
2004,33,0
2004,34,20.9
2004,35,0.4
2004,36,0
2004,37,0
2004,38,0
2004,39,0
2004,40,0.4
2004,41,1.5
2004,42,0
2004,43,6.5
2004,44,8.2
2004,45,0
2004,46,0
2004,47,0
2004,48,0.6
2004,49,0
2004,50,0
2004,51,0
2004,52,0
2004,53,0.4
2004,54,5.7
2004,55,0.2
2004,56,52.6
2004,57,25.6
2004,58,0.2
2004,59,0
2004,60,0
2004,61,0
2004,62,0
2004,63,0
2004,64,0
2004,65,0
2004,66,0.6
2004,67,13
2004,68,0.7
2004,69,0.5
2004,70,0.1
2004,71,0.1
2004,72,0.8
2004,73,0.9
2004,74,0.1
2004,75,1
2004,76,1.8
2004,77,0
2004,78,0
2004,79,0.1
2004,80,0
2004,81,2
2004,82,8
2004,83,0.2
2004,84,0
2004,85,0
2004,86,0
2004,87,0
2004,88,0
2004,89,0.3
2004,90,0
2004,91,0
2004,92,0
2004,93,0
2004,94,0
2004,95,0.1
2004,96,4
2004,97,7.1
2004,98,0.1
2004,99,0.3
2004,100,0
2004,101,0
2004,102,0
2004,103,0
2004,104,0
2004,105,0
2004,106,0
2004,107,0
2004,108,0
2004,109,0
2004,110,0
2004,111,0
2004,112,0.1
2004,113,0
2004,114,0
2004,115,0
2004,116,0
2004,117,0
2004,118,0
2004,119,0.2
2004,120,0.6
2004,121,0.1
2004,122,0
2004,123,0
2004,124,0
2004,125,0
2004,126,0
2004,127,0
2004,128,0
2004,129,0
2004,130,0
2004,131,0
2004,132,0
2004,133,0
2004,134,0
2004,135,0
2004,136,0
2004,137,0
2004,138,0
2004,139,0
2004,140,0
2004,141,0
2004,142,0
2004,143,0
2004,144,0
2004,145,0
2004,146,2.7
2004,147,10.1
2004,148,0.1
2004,149,0
2004,150,0
2004,151,0
2004,152,0
2004,153,0
2004,154,0.1
2004,155,1.4
2004,156,0
2004,157,0
2004,158,0
2004,159,0
2004,160,0
2004,161,0
2004,162,0
2004,163,1.9
2004,164,0
2004,165,0
2004,166,0
2004,167,0
2004,168,0
2004,169,0
2004,170,0
2004,171,0.1
2004,172,0.6
2004,173,1.2
2004,174,0.2
2004,175,0
2004,176,0
2004,177,0
2004,178,0
2004,179,0
2004,180,0
2004,181,0
2004,182,0
2004,183,0
2004,184,0
2004,185,0
2004,186,0
2004,187,0
2004,188,0
2004,189,0
2004,190,0
2004,191,0
2004,192,0.8
2004,193,3.3
2004,194,10.4
2004,195,0
2004,196,0
2004,197,0
2004,198,0
2004,199,0
2004,200,0.3
2004,201,0.6
2004,202,0
2004,203,0.2
2004,204,0
2004,205,0.1
2004,206,0
2004,207,0
2004,208,0
2004,209,6.4
2004,210,0
2004,211,0
2004,212,0
2004,213,0
2004,214,0
2004,215,0
2004,216,0.9
2004,217,0
2004,218,0
2004,219,0
2004,220,0
2004,221,0
2004,222,0
2004,223,0
2004,224,0
2004,225,0
2004,226,0
2004,227,0.2
2004,228,0.3
2004,229,0.6
2004,230,0.3
2004,231,9.3
2004,232,0.5
2004,233,0
2004,234,0
2004,235,0
2004,236,0
2004,237,0
2004,238,0
2004,239,0
2004,240,0
2004,241,0
2004,242,0
2004,243,2.4
2004,244,0
2004,245,0.1
2004,246,1.5
2004,247,0.1
2004,248,0.5
2004,249,1.1
2004,250,1.6
2004,251,0.2
2004,252,2.9
2004,253,0
2004,254,0
2004,255,0
2004,256,0
2004,257,0
2004,258,0
2004,259,0
2004,260,0
2004,261,0
2004,262,0
2004,263,0.1
2004,264,21.8
2004,265,0
2004,266,0
2004,267,0
2004,268,1.7
2004,269,0
2004,270,0
2004,271,0
2004,272,0.6
2004,273,0.5
2004,274,8.1
2004,275,19.2
2004,276,22.4
2004,277,0.8
2004,278,0.2
2004,279,29.8
2004,280,0
2004,281,0
2004,282,0
2004,283,0
2004,284,0
2004,285,0
2004,286,0
2004,287,0
2004,288,0
2004,289,1.7
2004,290,0
2004,291,0.1
2004,292,9.4
2004,293,36.4
2004,294,5.6
2004,295,49.1
2004,296,19.3
2004,297,0.1
2004,298,0.4
2004,299,29.9
2004,300,0
2004,301,0
2004,302,0
2004,303,0.1
2004,304,0
2004,305,0
2004,306,1.2
2004,307,6.6
2004,308,0.7
2004,309,0.2
2004,310,10.5
2004,311,1.9
2004,312,0
2004,313,4.2
2004,314,10.6
2004,315,6.4
2004,316,0.2
2004,317,20.6
2004,318,0
2004,319,0
2004,320,0
2004,321,0
2004,322,0
2004,323,0
2004,324,0.1
2004,325,2.8
2004,326,0
2004,327,4.9
2004,328,0
2004,329,0
2004,330,0
2004,331,0
2004,332,0
2004,333,0
2004,334,0
2004,335,0.1
2004,336,0
2004,337,1.3
2004,338,1.6
2004,339,1.7
2004,340,0.4
2004,341,18
2004,342,0
2004,343,0.6
2004,344,0.1
2004,345,0.5
2004,346,12.7
2004,347,1.2
2004,348,45.2
2004,349,6.6
2004,350,0
2004,351,0
2004,352,0
2004,353,0.3
2004,354,0
2004,355,0
2004,356,0
2004,357,0.3
2004,358,0.8
2004,359,0.7
2004,360,1.3
2004,361,0
2004,362,0
2004,363,0
2004,364,0
2004,365,0
2004,366,1.5
2005,1,0
2005,2,0
2005,3,0
2005,4,0.5
2005,5,3.4
2005,6,0
2005,7,0
2005,8,0
2005,9,0.3
2005,10,0
2005,11,0
2005,12,0
2005,13,0
2005,14,0
2005,15,0
2005,16,0.2
2005,17,8.2
2005,18,2
2005,19,0
2005,20,0.2
2005,21,5
2005,22,0.4
2005,23,2.5
2005,24,18.5
2005,25,6.6
2005,26,2.3
2005,27,0.4
2005,28,0.4
2005,29,0.8
2005,30,0
2005,31,1.6
2005,32,6.7
2005,33,41.1
2005,34,7.7
2005,35,0
2005,36,0
2005,37,0
2005,38,0
2005,39,0
2005,40,0.4
2005,41,0.6
2005,42,1.9
2005,43,0
2005,44,1.4
2005,45,0
2005,46,0
2005,47,0
2005,48,0.5
2005,49,0
2005,50,2.8
2005,51,25.7
2005,52,27.8
2005,53,0
2005,54,0
2005,55,0
2005,56,0
2005,57,0.7
2005,58,3.8
2005,59,0
2005,60,0
2005,61,0
2005,62,1.8
2005,63,2.8
2005,64,1
2005,65,0
2005,66,0
2005,67,0
2005,68,0
2005,69,0
2005,70,0.1
2005,71,0.6
2005,72,0
2005,73,0
2005,74,0
2005,75,2
2005,76,9.8
2005,77,21.2
2005,78,2
2005,79,0
2005,80,0
2005,81,1.2
2005,82,13
2005,83,0
2005,84,0
2005,85,0
2005,86,0
2005,87,0
2005,88,0
2005,89,0.3
2005,90,0.9
2005,91,0
2005,92,0
2005,93,1
2005,94,4.5
2005,95,1.8
2005,96,0.2
2005,97,0
2005,98,0
2005,99,0
2005,100,0.1
2005,101,0.5
2005,102,3.9
2005,103,0.1
2005,104,0
2005,105,0
2005,106,0.6
2005,107,0.1
2005,108,0
2005,109,0.5
2005,110,1.1
2005,111,2.4
2005,112,0.2
2005,113,0.2
2005,114,0
2005,115,0
2005,116,0.2
2005,117,0
2005,118,0
2005,119,0
2005,120,0.1
2005,121,0
2005,122,0.1
2005,123,0
2005,124,0
2005,125,0
2005,126,0.3
2005,127,0.3
2005,128,0.9
2005,129,0.7
2005,130,0
2005,131,0
2005,132,0.2
2005,133,21.2
2005,134,2.5
2005,135,0
2005,136,3.1
2005,137,2.8
2005,138,4.6
2005,139,0
2005,140,0
2005,141,0
2005,142,0
2005,143,0.1
2005,144,0
2005,145,0
2005,146,0
2005,147,0
2005,148,0
2005,149,0
2005,150,0
2005,151,0
2005,152,0
2005,153,0
2005,154,0
2005,155,0.1
2005,156,0
2005,157,0
2005,158,0
2005,159,0.1
2005,160,0.1
2005,161,0
2005,162,0.1
2005,163,0.2
2005,164,0
2005,165,1
2005,166,1.1
2005,167,0
2005,168,0.1
2005,169,0.1
2005,170,0.1
2005,171,0.1
2005,172,0
2005,173,0.1
2005,174,0
2005,175,1.7
2005,176,0.9
2005,177,0.6
2005,178,5.7
2005,179,1.5
2005,180,7.7
2005,181,43
2005,182,18.4
2005,183,0.3
2005,184,0
2005,185,0
2005,186,0
2005,187,0.1
2005,188,0.1
2005,189,0.1
2005,190,0.3
2005,191,0
2005,192,0.6
2005,193,0
2005,194,1.9
2005,195,0
2005,196,0
2005,197,0
2005,198,0
2005,199,0
2005,200,0
2005,201,0
2005,202,0
2005,203,0
2005,204,0.1
2005,205,0
2005,206,0
2005,207,0
2005,208,0
2005,209,0
2005,210,0
2005,211,0
2005,212,0
2005,213,0
2005,214,0
2005,215,0
2005,216,0.1
2005,217,0
2005,218,0
2005,219,0
2005,220,0
2005,221,0
2005,222,0
2005,223,0
2005,224,0
2005,225,0
2005,226,0
2005,227,0
2005,228,0
2005,229,0
2005,230,0.1
2005,231,0
2005,232,0
2005,233,0
2005,234,0
2005,235,0
2005,236,0
2005,237,0
2005,238,0
2005,239,0
2005,240,0
2005,241,0
2005,242,0
2005,243,0
2005,244,0.1
2005,245,0
2005,246,0
2005,247,3.1
2005,248,8.2
2005,249,0.1
2005,250,0
2005,251,0
2005,252,0
2005,253,0.1
2005,254,0.4
2005,255,0
2005,256,0.4
2005,257,0
2005,258,0
2005,259,0.1
2005,260,3.9
2005,261,0.9
2005,262,6.8
2005,263,0
2005,264,0
2005,265,0
2005,266,0
2005,267,0
2005,268,1
2005,269,20.3
2005,270,3.9
2005,271,0
2005,272,5.2
2005,273,0
2005,274,0
2005,275,0
2005,276,0
2005,277,0
2005,278,0
2005,279,0
2005,280,0.1
2005,281,2
2005,282,0
2005,283,2.7
2005,284,0.3
2005,285,6.1
2005,286,0.6
2005,287,0.3
2005,288,0.1
2005,289,0.5
2005,290,13.9
2005,291,0.6
2005,292,1.1
2005,293,1.4
2005,294,1
2005,295,2.1
2005,296,2.9
2005,297,9
2005,298,0
2005,299,0
2005,300,0
2005,301,0
2005,302,0.1
2005,303,7.4
2005,304,26.5
2005,305,7.6
2005,306,0
2005,307,0
2005,308,0.3
2005,309,10.6
2005,310,0.8
2005,311,4
2005,312,23.8
2005,313,1.4
2005,314,0
2005,315,2.7
2005,316,0
2005,317,0
2005,318,0
2005,319,0.1
2005,320,3
2005,321,0
2005,322,0
2005,323,0
2005,324,0
2005,325,0.9
2005,326,0.2
2005,327,2.4
2005,328,0.3
2005,329,1.8
2005,330,12.7
2005,331,23.4
2005,332,21.3
2005,333,19.2
2005,334,7.2
2005,335,1.3
2005,336,3.4
2005,337,7.1
2005,338,0
2005,339,0
2005,340,0
2005,341,2.2
2005,342,0
2005,343,0
2005,344,0
2005,345,0
2005,346,0
2005,347,0.1
2005,348,0.1
2005,349,0
2005,350,0.1
2005,351,15.2
2005,352,0
2005,353,0
2005,354,0
2005,355,0
2005,356,0
2005,357,0
2005,358,0
2005,359,0
2005,360,0
2005,361,0
2005,362,0
2005,363,0
2005,364,0
2005,365,0
